Королева;Арина;7(495)466-02-00;kennayenebreu-7039@yopmail.com
Потапова;Анна;7(495)999-23-02;preiquaugrouwipa-5024@yopmail.com
Афанасьева;Кира;7(495)814-28-31;breyikebraucri-5886@yopmail.com
Сергеев;Марк;7(495)064-04-29;prautacoyero-1653@yopmail.com
Журавлева;Арина;7(495)196-59-96;pariholloippa-5933@yopmail.com
Морозов;Макар;7(495)634-93-56;heffehicaffou-3702@yopmail.com
Пономарев;Артём;7(495)604-44-23;soivevakani-8016@yopmail.com
Антонова;Элина;7(495)874-20-47;rejujazagei-2271@yopmail.com
Сорокина;Маргарита;7(495)595-03-60;soivevakani-8016@yopmail.com
Грибов;Семён;7(495)309-67-08;gojenaugraufru-6870@yopmail.com
Столярова;Ксения;7(495)701-47-28;zoissaucriniho-3155@yopmail.com
Новикова;Софья;7(495)477-96-75;zoissaucriniho-3155@yopmail.com
